{"cameraMode":{"drawMode":0,"name":"Shaded","section":"Shading Mode"},"sceneLighting":false,"audioPlay":false,"sceneViewState":{"m_AlwaysRefresh":false,"showFog":true,"showSkybox":false,"showFlares":true,"showImageEffects":true,"showParticleSystems":true,"showVisualEffectGraphs":true,"m_FxEnabled":true},"in2DMode":false,"pivot":{"x":1.5329996347427369,"y":1.0931706428527833,"z":-0.015248075127601624},"rotation":{"x":0.5233628153800964,"y":0.006928081624209881,"z":-0.004252724349498749,"w":0.8520768880844116},"size":1.2724725008010865,"orthographic":false}