{"cameraMode":{"drawMode":0,"name":"Shaded","section":"Shading Mode"},"sceneLighting":true,"audioPlay":false,"sceneViewState":{"m_AlwaysRefresh":false,"showFog":true,"showSkybox":true,"showFlares":true,"showImageEffects":true,"showParticleSystems":true,"showVisualEffectGraphs":true,"m_FxEnabled":true},"in2DMode":false,"pivot":{"x":471.55804443359377,"y":13.569072723388672,"z":400.60882568359377},"rotation":{"x":0.01790802925825119,"y":-0.9813563227653503,"z":0.15314960479736329,"w":0.11477462947368622},"size":17.422760009765626,"orthographic":false}