{"cameraMode":{"drawMode":0,"name":"Shaded","section":"Shading Mode"},"sceneLighting":true,"audioPlay":false,"sceneViewState":{"m_AlwaysRefresh":false,"showFog":true,"showSkybox":true,"showFlares":true,"showImageEffects":true,"showParticleSystems":true,"showVisualEffectGraphs":true,"m_FxEnabled":true},"in2DMode":false,"pivot":{"x":491.85931396484377,"y":16.989849090576173,"z":409.7177429199219},"rotation":{"x":-0.024328377097845079,"y":0.8043229579925537,"z":-0.033125609159469607,"w":-0.5928199887275696},"size":0.5814507603645325,"orthographic":false}