{"cameraMode":{"drawMode":0,"name":"Shaded","section":"Shading Mode"},"sceneLighting":true,"audioPlay":false,"sceneViewState":{"m_AlwaysRefresh":false,"showFog":true,"showSkybox":true,"showFlares":true,"showImageEffects":true,"showParticleSystems":true,"showVisualEffectGraphs":true,"m_FxEnabled":true},"in2DMode":false,"pivot":{"x":502.0584716796875,"y":18.837976455688478,"z":406.76031494140627},"rotation":{"x":0.007917974144220353,"y":0.977571964263916,"z":-0.20744512975215913,"w":0.03655387833714485},"size":8.733799934387207,"orthographic":false}