{"cameraMode":{"drawMode":0,"name":"Shaded","section":"Shading Mode"},"sceneLighting":true,"audioPlay":false,"sceneViewState":{"m_AlwaysRefresh":false,"showFog":true,"showSkybox":true,"showFlares":true,"showImageEffects":true,"showParticleSystems":true,"showVisualEffectGraphs":true,"m_FxEnabled":true},"in2DMode":false,"pivot":{"x":492.0530090332031,"y":-124.21755981445313,"z":387.81866455078127},"rotation":{"x":0.021210961043834688,"y":-0.7610096335411072,"z":0.6479290723800659,"w":0.024932967498898507},"size":229.04928588867188,"orthographic":false}